name,href,dob
Caitlin Gould,https://en.wikipedia.org//w/index.php?title=Caitlin_Gould&action=edit&redlink=1,NA
Eloise Jones,https://en.wikipedia.org//wiki/Eloise_Jones_(footballer),1999-04-28
Angela Foley,https://en.wikipedia.org//wiki/Angela_Foley,1988-12-13
Chloe Scheer,https://en.wikipedia.org//wiki/Chloe_Scheer,1999-09-07
Courtney Gum,https://en.wikipedia.org//wiki/Courtney_Gum,1981-09-25
Hannah Button,https://en.wikipedia.org//wiki/Hannah_Button,1996-11-27
Nikki Gore,https://en.wikipedia.org//wiki/Nikki_Gore,2000-12-11
Najwa Allen,https://en.wikipedia.org//w/index.php?title=Najwa_Allen&action=edit&redlink=1,NA
Deni Varnhagen,https://en.wikipedia.org//wiki/Deni_Varnhagen,1992-10-26
Ebony Marinoff,https://en.wikipedia.org//wiki/Ebony_Marinoff,1997-11-15
Rhiannon Metcalfe,https://en.wikipedia.org//wiki/Rhiannon_Metcalfe,1991-09-27
Chelsea Biddell,https://en.wikipedia.org//w/index.php?title=Chelsea_Biddell&action=edit&redlink=1,NA
Erin Phillips,https://en.wikipedia.org//wiki/Erin_Phillips,1985-05-19
Stevie-Lee Thompson,https://en.wikipedia.org//wiki/Stevie-Lee_Thompson,1992-03-23
Danielle Ponter,https://en.wikipedia.org//wiki/Danielle_Ponter,2000-01-08
Madison Newman,https://en.wikipedia.org//w/index.php?title=Madison_Newman&action=edit&redlink=1,NA
Ruth Wallace,https://en.wikipedia.org//wiki/Ruth_Wallace,1993-02-01
Sophie Li,https://en.wikipedia.org//wiki/Sophie_Li,1988-03-31
Nicole Campbell,https://en.wikipedia.org//w/index.php?title=Nicole_Campbell&action=edit&redlink=1,NA
Montana McKinnon,https://en.wikipedia.org//w/index.php?title=Montana_McKinnon&action=edit&redlink=1,NA
Courtney Cramey,https://en.wikipedia.org//wiki/Courtney_Cramey,1985-11-28
Justine Mules,https://en.wikipedia.org//wiki/Justine_Mules,1994-12-15
Jess Foley,https://en.wikipedia.org//wiki/Jess_Foley_(sportswoman),1983-04-20
Chelsea Randall,https://en.wikipedia.org//wiki/Chelsea_Randall,1991-06-14
Renee Forth,https://en.wikipedia.org//wiki/Renee_Forth,1987-01-28
Jaimi Tabb,https://en.wikipedia.org//w/index.php?title=Jaimi_Tabb&action=edit&redlink=1,NA
Dayna Cox,https://en.wikipedia.org//wiki/Dayna_Cox,1993-08-12
Marijana Rajcic,https://en.wikipedia.org//wiki/Marijana_Rajcic,1989-03-15
Anne Hatchard,https://en.wikipedia.org//wiki/Anne_Hatchard,1998-03-07
Sarah Allan,https://en.wikipedia.org//wiki/Sarah_Allan_(footballer),1997-11-19
Ailish Considine,https://en.wikipedia.org//wiki/Ailish_Considine,1992-07-09
Maisie Nankivell,https://en.wikipedia.org//wiki/Maisie_Nankivell,1999-09-29
Rachelle Martin,https://en.wikipedia.org//w/index.php?title=Rachelle_Martin&action=edit&redlink=1,NA
Czenya Cavouras,https://en.wikipedia.org//w/index.php?title=Czenya_Cavouras&action=edit&redlink=1,NA
Emily Bates,https://en.wikipedia.org//wiki/Emily_Bates,1995-10-18
Jordan Zanchetta,https://en.wikipedia.org//wiki/Jordan_Zanchetta,1995-03-18
Breanna Koenen,https://en.wikipedia.org//wiki/Breanna_Koenen,1994-12-31
Sharni Webb,https://en.wikipedia.org//wiki/Sharni_Webb,1991-07-14
Jade Ellenger,https://en.wikipedia.org//wiki/Jade_Ellenger,2000-03-04
Lily Postlethwaite,https://en.wikipedia.org//wiki/Lily_Postlethwaite,2001-10-21
Gabby Collingwood,https://en.wikipedia.org//wiki/Gabby_Collingwood,1999-01-15
Emma Zielke,https://en.wikipedia.org//wiki/Emma_Zielke,1988-04-19
Nat Grider,https://en.wikipedia.org//wiki/Nat_Grider,2000-10-10
Rheanne Lugg,https://en.wikipedia.org//wiki/Rheanne_Lugg,1990-02-22
Sophie Conway,https://en.wikipedia.org//wiki/Sophie_Conway,1999-04-06
Kate Lutkins,https://en.wikipedia.org//wiki/Kate_Lutkins,1988-05-31
Dakota Davidson,https://en.wikipedia.org//wiki/Dakota_Davidson,1998-12-31
Lauren Arnell,https://en.wikipedia.org//wiki/Lauren_Arnell,1987-03-15
Isabel Dawes,https://en.wikipedia.org//wiki/Isabel_Dawes,2001-05-11
Ally Anderson,https://en.wikipedia.org//wiki/Ally_Anderson,1996-08-15
Selina Priest,https://en.wikipedia.org//wiki/Selina_Priest,1996-01-11
Shannon Campbell,https://en.wikipedia.org//wiki/Shannon_Campbell,1996-09-24
Arianna Clarke,https://en.wikipedia.org//wiki/Arianna_Clarke,1999-08-16
Jess Wuetschner,https://en.wikipedia.org//wiki/Jess_Wuetschner,1992-04-28
Tahlia Hickie,https://en.wikipedia.org//w/index.php?title=Tahlia_Hickie&action=edit&redlink=1,NA
Cathy Svarc,https://en.wikipedia.org//wiki/Cathy_Svarc,1991-11-25
Lucy Bellinger,https://en.wikipedia.org//w/index.php?title=Lucy_Bellinger&action=edit&redlink=1,NA
Jessy Keeffe,https://en.wikipedia.org//wiki/Jessy_Keeffe,1996-07-17
Maria Moloney,https://en.wikipedia.org//wiki/Maria_Moloney,1995-03-29
Hannah Hillman,https://en.wikipedia.org//w/index.php?title=Hannah_Hillman&action=edit&redlink=1,NA
Jesse Wardlaw,https://en.wikipedia.org//wiki/Jesse_Wardlaw,2000-01-13
Orla O'Dwyer,https://en.wikipedia.org//wiki/Orla_O%27Dwyer,1998-07-15
Greta Bodey,https://en.wikipedia.org//wiki/Greta_Bodey,1995-07-11
Bri McFarlane,https://en.wikipedia.org//w/index.php?title=Bri_McFarlane&action=edit&redlink=1,NA
Grace Egan,https://en.wikipedia.org//wiki/Grace_Egan,2000-06-01
Katie Loynes,https://en.wikipedia.org//wiki/Katie_Loynes,1986-03-23
Darcy Vescio,https://en.wikipedia.org//wiki/Darcy_Vescio,1993-08-03
Madison Prespakis,https://en.wikipedia.org//wiki/Madison_Prespakis,2000-11-02
Abbie McKay,https://en.wikipedia.org//wiki/Abbie_McKay,2000-11-15
Gabriella Pound,https://en.wikipedia.org//wiki/Gabriella_Pound,1994-10-16
Tayla Harris,https://en.wikipedia.org//wiki/Tayla_Harris,1997-04-16
Vaomua Laloifi,https://en.wikipedia.org//wiki/Vaomua_Laloifi,1993-07-24
Kerryn Harrington,https://en.wikipedia.org//wiki/Kerryn_Harrington,1992-03-02
Sarah Hosking,https://en.wikipedia.org//wiki/Sarah_Hosking,1995-12-02
Jess Hosking,https://en.wikipedia.org//wiki/Jess_Hosking,1995-12-02
Lauren Brazzale,https://en.wikipedia.org//wiki/Lauren_Brazzale,1993-11-05
Lucy McEvoy,https://en.wikipedia.org//wiki/Lucy_McEvoy,2001-05-13
Brooke Walker,https://en.wikipedia.org//wiki/Brooke_Walker_(footballer),1995-01-03
Chloe Dalton,https://en.wikipedia.org//wiki/Chloe_Dalton,1993-07-11
Breann Moody,https://en.wikipedia.org//wiki/Breann_Moody,1997-03-04
Georgia Gee,https://en.wikipedia.org//wiki/Georgia_Gee,1999-10-28
Charlotte Wilson,https://en.wikipedia.org//wiki/Charlotte_Wilson_(footballer),2000-12-29
Nicola Stevens,https://en.wikipedia.org//wiki/Nicola_Stevens,1993-03-24
Courtney Jones,https://en.wikipedia.org//w/index.php?title=Courtney_Jones_(Australian_footballer)&action=edit&redlink=1,NA
Sharnie Whiting,https://en.wikipedia.org//w/index.php?title=Sharnie_Whiting&action=edit&redlink=1,NA
Jess Edwards,https://en.wikipedia.org//wiki/Jessica_Edwards_(footballer),1989-09-20
Emerson Woods,https://en.wikipedia.org//wiki/Emerson_Woods,2000-07-12
Alison Downie,https://en.wikipedia.org//wiki/Alison_Downie,1984-07-17
Brooke Vernon,https://en.wikipedia.org//w/index.php?title=Brooke_Vernon&action=edit&redlink=1,NA
Natalie Plane,https://en.wikipedia.org//wiki/Natalie_Plane,1996-08-04
Serena Gibbs,https://en.wikipedia.org//w/index.php?title=Serena_Gibbs&action=edit&redlink=1,NA
Jayde Van Dyk,https://en.wikipedia.org//wiki/Jayde_Van_Dyk,1996-03-28
Katie Harrison,https://en.wikipedia.org//w/index.php?title=Katie_Harrison&action=edit&redlink=1,NA
Joanne Doonan,https://en.wikipedia.org//wiki/Joanne_Doonan,1994-07-04
Chloe Molloy,https://en.wikipedia.org//wiki/Chloe_Molloy,1998-12-06
Brianna Davey,https://en.wikipedia.org//wiki/Brianna_Davey,1995-01-13
Sarah D'Arcy,https://en.wikipedia.org//wiki/Sarah_D%27Arcy,1991-08-22
Emma Grant,https://en.wikipedia.org//wiki/Emma_Grant_(footballer),1989-07-22
Jordyn Allen,https://en.wikipedia.org//wiki/Jordyn_Allen,2000-07-06
Brittany Bonnici,https://en.wikipedia.org//wiki/Brittany_Bonnici,1997-08-03
Alana Porter,https://en.wikipedia.org//w/index.php?title=Alana_Porter&action=edit&redlink=1,NA
Ashleigh Brazill,https://en.wikipedia.org//wiki/Ashleigh_Brazill,1989-12-29
Eliza Hynes,https://en.wikipedia.org//wiki/Eliza_Hynes,1992-01-29
Stacey Livingstone,https://en.wikipedia.org//wiki/Stacey_Livingstone,1988-01-23
Jaimee Lambert,https://en.wikipedia.org//wiki/Jaimee_Lambert,1994-07-08
Erica Fowler,https://en.wikipedia.org//wiki/Erica_Fowler,1992-07-08
Katie Lynch,https://en.wikipedia.org//wiki/Katie_Lynch,2000-04-06
Steph Chiocci,https://en.wikipedia.org//wiki/Steph_Chiocci,1988-12-06
Ruby Schleicher,https://en.wikipedia.org//wiki/Ruby_Schleicher,1998-03-16
Kaila Bentvelzen,https://en.wikipedia.org//w/index.php?title=Kaila_Bentvelzen&action=edit&redlink=1,NA
Jordan Membrey,https://en.wikipedia.org//wiki/Jordan_Membrey,1996-01-01
Sophie Casey,https://en.wikipedia.org//wiki/Sophie_Casey,1991-10-22
Lauren Butler,https://en.wikipedia.org//wiki/Lauren_Butler,2000-11-20
Sophie Alexander,https://en.wikipedia.org//wiki/Sophie_Alexander_(footballer),1993-05-25
Mikala Cann,https://en.wikipedia.org//wiki/Mikala_Cann,2000-11-04
Georgia Gourlay,https://en.wikipedia.org//wiki/Georgia_Gourlay,1999-03-23
Machaelia Roberts,https://en.wikipedia.org//w/index.php?title=Machaelia_Roberts&action=edit&redlink=1,NA
Maddie Shevlin,https://en.wikipedia.org//wiki/Maddie_Shevlin,1997-09-21
Kristy Stratton,https://en.wikipedia.org//wiki/Kristy_Stratton,1995-01-26
Sarah Dargan,https://en.wikipedia.org//wiki/Sarah_Dargan,1999-02-03
Ebony O'Dea,https://en.wikipedia.org//w/index.php?title=Ebony_O%27Dea&action=edit&redlink=1,NA
Sharni Layton,https://en.wikipedia.org//wiki/Sharni_Layton,1988-01-06
Sarah Rowe,https://en.wikipedia.org//wiki/Sarah_Rowe,1995-07-25
Aishling Sheridan,https://en.wikipedia.org//wiki/Aishling_Sheridan,1996-07-18
Ashley Sharp,https://en.wikipedia.org//wiki/Ashley_Sharp,1997-06-11
Kiara Bowers,https://en.wikipedia.org//wiki/Kiara_Bowers,1991-11-16
Emma O'Driscoll,https://en.wikipedia.org//w/index.php?title=Emma_O%27Driscoll_(footballer)&action=edit&redlink=1,NA
Mia-Rae Clifford,https://en.wikipedia.org//wiki/Mia-Rae_Clifford,1986-08-10
Tayla Bresland,https://en.wikipedia.org//wiki/Tayla_Bresland,1996-02-04
Sabreena Duffy,https://en.wikipedia.org//wiki/Sabreena_Duffy,2000-03-26
Jasmin Stewart,https://en.wikipedia.org//wiki/Jasmin_Stewart,1998-11-04
Evangeline Gooch,https://en.wikipedia.org//wiki/Evangeline_Gooch,1995-10-15
Alex Williams,https://en.wikipedia.org//wiki/Alex_Williams_(Australian_footballer),1993-04-20
Ebony Antonio,https://en.wikipedia.org//wiki/Ebony_Antonio,1991-12-18
Katie-Jayne Grieve,https://en.wikipedia.org//wiki/Katie-Jayne_Grieve,1997-03-08
Leah Mascall,https://en.wikipedia.org//wiki/Leah_Mascall,1990-05-23
Kara Antonio,https://en.wikipedia.org//wiki/Kara_Antonio,1992-02-27
Sarah Garstone,https://en.wikipedia.org//w/index.php?title=Sarah_Garstone&action=edit&redlink=1,NA
Roxy Roux,https://en.wikipedia.org//wiki/Roxy_Roux,2001-11-10
Philipa Seth,https://en.wikipedia.org//wiki/Philipa_Seth,1994-02-19
Hayley Miller,https://en.wikipedia.org//wiki/Hayley_Miller,1996-02-03
Stephanie Cain,https://en.wikipedia.org//wiki/Stephanie_Cain,1996-06-04
Mim Strom,https://en.wikipedia.org//wiki/Mim_Strom,2001-11-07
Gabby O'Sullivan,https://en.wikipedia.org//wiki/Gabby_O%27Sullivan,1994-03-21
Matilda Sergeant,https://en.wikipedia.org//wiki/Matilda_Sergeant,1999-03-13
Angelique Stannett,https://en.wikipedia.org//wiki/Angelique_Stannett,1997-04-15
Ann McMahon,https://en.wikipedia.org//w/index.php?title=Ann_McMahon&action=edit&redlink=1,NA
Bianca Webb,https://en.wikipedia.org//wiki/Bianca_Webb,2001-09-14
Gemma Houghton,https://en.wikipedia.org//wiki/Gemma_Houghton,1993-12-31
Janelle Cuthbertson,https://en.wikipedia.org//w/index.php?title=Janelle_Cuthbertson&action=edit&redlink=1,NA
Laura Pugh,https://en.wikipedia.org//wiki/Laura_Pugh,1993-11-01
Aine Tighe,https://en.wikipedia.org//w/index.php?title=Aine_Tighe&action=edit&redlink=1,NA
Lindal Rohde,https://en.wikipedia.org//w/index.php?title=Lindal_Rohde&action=edit&redlink=1,NA
Kate Flood,https://en.wikipedia.org//wiki/Kate_Flood,1992-08-14
Rene Caris,https://en.wikipedia.org//wiki/Rene_Caris,1999-03-18
Danielle Orr,https://en.wikipedia.org//wiki/Danielle_Orr,1990-03-14
Amy McDonald,https://en.wikipedia.org//w/index.php?title=Amy_McDonald_(Australian_footballer)&action=edit&redlink=1,NA
Cassie Blakeway,https://en.wikipedia.org//wiki/Cassie_Blakeway,1993-04-18
Jordan Ivey,https://en.wikipedia.org//wiki/Jordan_Ivey,1992-10-29
Julia Crockett-Grills,https://en.wikipedia.org//wiki/Julia_Crockett-Grills,1994-10-28
Madisen Maguire,https://en.wikipedia.org//w/index.php?title=Madisen_Maguire&action=edit&redlink=1,NA
Kate Darby,https://en.wikipedia.org//wiki/Kate_Darby,1990-11-18
Nina Morrison,https://en.wikipedia.org//wiki/Nina_Morrison,2000-12-13
Meg McDonald,https://en.wikipedia.org//wiki/Meg_McDonald_(footballer),1991-06-19
Renee Garing,https://en.wikipedia.org//wiki/Renee_Garing,1988-09-04
Aasta O'Connor,https://en.wikipedia.org//wiki/Aasta_O%27Connor,1987-06-21
Gemma Wright,https://en.wikipedia.org//w/index.php?title=Gemma_Wright&action=edit&redlink=1,NA
Olivia Purcell,https://en.wikipedia.org//wiki/Olivia_Purcell,2000-09-05
Georgia Clarke,https://en.wikipedia.org//wiki/Georgia_Clarke,2000-06-23
Melissa Hickey,https://en.wikipedia.org//wiki/Melissa_Hickey,1984-12-18
Millie Brown,https://en.wikipedia.org//w/index.php?title=Millie_Brown_(footballer)&action=edit&redlink=1,NA
Mia Skinner,https://en.wikipedia.org//w/index.php?title=Mia_Skinner&action=edit&redlink=1,NA
Rebecca Webster,https://en.wikipedia.org//wiki/Rebecca_Webster,2000-10-22
Nicole Garner,https://en.wikipedia.org//w/index.php?title=Nicole_Garner&action=edit&redlink=1,NA
Phoebe McWilliams,https://en.wikipedia.org//wiki/Phoebe_McWilliams,1985-08-31
Madeleine Boyd,https://en.wikipedia.org//wiki/Madeleine_Boyd_(footballer),1993-03-20
Sophie Van De Heuvel,https://en.wikipedia.org//wiki/Sophie_Van_De_Heuvel,2000-12-10
Denby Taylor,https://en.wikipedia.org//wiki/Denby_Taylor,2000-02-16
Richelle Cranston,https://en.wikipedia.org//wiki/Richelle_Cranston,1989-09-25
Anna Teague,https://en.wikipedia.org//wiki/Anna_Teague,1987-12-08
Rebecca Goring,https://en.wikipedia.org//wiki/Rebecca_Goring,1994-06-09
Madeline Keryk,https://en.wikipedia.org//wiki/Madeline_Keryk,1995-03-09
Georgie Rankin,https://en.wikipedia.org//wiki/Georgie_Rankin,1998-01-28
Maddy McMahon,https://en.wikipedia.org//wiki/Maddy_McMahon,1989-04-10
Paige Parker,https://en.wikipedia.org//wiki/Paige_Parker,1995-07-05
Lauren Bella,https://en.wikipedia.org//wiki/Lauren_Bella,2000-09-12
Tori Groves-Little,https://en.wikipedia.org//wiki/Tori_Groves-Little,2000-10-13
Jordann Hickey,https://en.wikipedia.org//wiki/Jordann_Hickey,1994-12-22
Jacqui Yorston,https://en.wikipedia.org//wiki/Jacqui_Yorston,2000-10-25
Charlotte Hammans,https://en.wikipedia.org//w/index.php?title=Charlotte_Hammans&action=edit&redlink=1,NA
Lauren Ahrens,https://en.wikipedia.org//wiki/Lauren_Ahrens,1991-08-19
Sally Riley,https://en.wikipedia.org//wiki/Sally_Riley,1990-06-14
Emma Pittman,https://en.wikipedia.org//wiki/Emma_Pittman,1992-12-29
Maddy Roberts,https://en.wikipedia.org//w/index.php?title=Maddy_Roberts&action=edit&redlink=1,NA
Leah Kaslar,https://en.wikipedia.org//wiki/Leah_Kaslar,1985-09-11
Molly Ritson,https://en.wikipedia.org//wiki/Molly_Ritson,1999-08-12
Taylor Smith,https://en.wikipedia.org//w/index.php?title=Taylor_Smith_(Australian_footballer)&action=edit&redlink=1,NA
Serene Watson,https://en.wikipedia.org//wiki/Serene_Watson,2001-11-03
Tayla Thorn,https://en.wikipedia.org//wiki/Tayla_Thorn,1998-05-31
Brittany Perry,https://en.wikipedia.org//wiki/Brittany_Perry,1994-03-09
Jamie Stanton,https://en.wikipedia.org//wiki/Jamie_Stanton,1995-11-07
Kitara Whap-Farrar,https://en.wikipedia.org//w/index.php?title=Kitara_Whap-Farrar&action=edit&redlink=1,NA
Tiarna Ernst,https://en.wikipedia.org//wiki/Tiarna_Ernst,1988-01-24
Jasmyn Hewett,https://en.wikipedia.org//wiki/Jasmyn_Hewett,1993-09-28
Ellie Hampson,https://en.wikipedia.org//wiki/Ellie_Hampson,2001-02-08
Sam Virgo,https://en.wikipedia.org//wiki/Sam_Virgo,1987-02-20
Kalinda Howarth,https://en.wikipedia.org//wiki/Kalinda_Howarth,1999-08-02
Hannah Dunn,https://en.wikipedia.org//wiki/Hannah_Dunn,1991-08-18
Dee Heslop,https://en.wikipedia.org//wiki/Dee_Heslop,2001-07-30
Kate Surman,https://en.wikipedia.org//w/index.php?title=Kate_Surman&action=edit&redlink=1,NA
Cheyenne Hammond,https://en.wikipedia.org//wiki/Cheyenne_Hammond,1998-07-29
Lexi Hamilton,https://en.wikipedia.org//w/index.php?title=Lexi_Hamilton&action=edit&redlink=1,NA
Jade Pregelj,https://en.wikipedia.org//wiki/Jade_Pregelj,1991-08-22
Georgia Breward,https://en.wikipedia.org//w/index.php?title=Georgia_Breward&action=edit&redlink=1,NA
Emily Goodsir,https://en.wikipedia.org//w/index.php?title=Emily_Goodsir&action=edit&redlink=1,NA
Alicia Eva,https://en.wikipedia.org//wiki/Alicia_Eva,1991-04-02
Alyce Parker,https://en.wikipedia.org//wiki/Alyce_Parker,2000-08-15
Maggie Gorman,https://en.wikipedia.org//w/index.php?title=Maggie_Gorman&action=edit&redlink=1,NA
Jodie Hicks,https://en.wikipedia.org//wiki/Jodie_Hicks,1997-01-19
Rebecca Beeson,https://en.wikipedia.org//wiki/Rebecca_Beeson,1997-02-20
Jessica Dal Pos,https://en.wikipedia.org//wiki/Jessica_Dal_Pos,1993-09-20
Nicola Barr,https://en.wikipedia.org//wiki/Nicola_Barr,1996-06-13
Tanya Hetherington,https://en.wikipedia.org//wiki/Tanya_Hetherington,1985-04-14
Ellie Brush,https://en.wikipedia.org//wiki/Ellie_Brush,1988-08-19
Aimee Schmidt,https://en.wikipedia.org//wiki/Aimee_Schmidt,1993-04-16
Louise Stephenson,https://en.wikipedia.org//wiki/Louise_Stephenson,1995-07-09
Cora Staunton,https://en.wikipedia.org//wiki/Cora_Staunton,NA
Annalyse Lister,https://en.wikipedia.org//w/index.php?title=Annalyse_Lister&action=edit&redlink=1,NA
Lisa Whiteley,https://en.wikipedia.org//wiki/Lisa_Whiteley,1993-01-17
Georgia Garnett,https://en.wikipedia.org//w/index.php?title=Georgia_Garnett&action=edit&redlink=1,NA
Rebecca Privitelli,https://en.wikipedia.org//wiki/Rebecca_Privitelli,1995-01-03
Lisa Steane,https://en.wikipedia.org//w/index.php?title=Lisa_Steane&action=edit&redlink=1,NA
Pepa Randall,https://en.wikipedia.org//wiki/Pepa_Randall,1996-04-01
Elle Bennetts,https://en.wikipedia.org//wiki/Elle_Bennetts,1989-09-06
Erin McKinnon,https://en.wikipedia.org//wiki/Erin_McKinnon,1998-12-15
Haneen Zreika,https://en.wikipedia.org//wiki/Haneen_Zreika,1999-04-15
Ingrid Nielsen,https://en.wikipedia.org//wiki/Ingrid_Nielsen,1991-11-27
Yvonne Bonner,https://en.wikipedia.org//wiki/Yvonne_Bonner,NA
Sarah Halvorsen,https://en.wikipedia.org//w/index.php?title=Sarah_Halvorsen&action=edit&redlink=1,NA
Jacinda Barclay,https://en.wikipedia.org//wiki/Jacinda_Barclay,1991-02-18
Britt Tully,https://en.wikipedia.org//wiki/Britt_Tully,1993-05-03
Jessica Allan,https://en.wikipedia.org//wiki/Jessica_Allan,1999-05-26
Taylah Davies,https://en.wikipedia.org//wiki/Taylah_Davies,1994-10-03
Tait Mackrill,https://en.wikipedia.org//wiki/Tait_Mackrill,1999-09-03
Tegan Cunningham,https://en.wikipedia.org//wiki/Tegan_Cunningham,1988-01-23
Meg Downie,https://en.wikipedia.org//wiki/Meg_Downie,1989-01-03
Maddison Gay,https://en.wikipedia.org//wiki/Maddison_Gay,1996-09-28
Karen Paxman,https://en.wikipedia.org//wiki/Karen_Paxman,1988-11-25
Elise O'Dea,https://en.wikipedia.org//wiki/Elise_O%27Dea,1991-09-04
Daisy Pearce,https://en.wikipedia.org//wiki/Daisy_Pearce,1988-05-27
Bianca Jakobsson,https://en.wikipedia.org//wiki/Bianca_Jakobsson,1993-03-30
Sarah Lampard,https://en.wikipedia.org//wiki/Sarah_Lampard,1997-07-07
Libby Birch,https://en.wikipedia.org//wiki/Libby_Birch,1997-12-03
Kate Hore,https://en.wikipedia.org//wiki/Kate_Hore,1995-03-25
Shelley Scott,https://en.wikipedia.org//wiki/Shelley_Scott,1988-03-16
Katherine Smith,https://en.wikipedia.org//wiki/Katherine_Smith_(footballer),1998-09-28
Lily Mithen,https://en.wikipedia.org//wiki/Lily_Mithen,1998-03-02
Lauren Pearce,https://en.wikipedia.org//wiki/Lauren_Pearce,1993-01-12
Aliesha Newman,https://en.wikipedia.org//wiki/Aliesha_Newman,1995-09-16
Casey Sherriff,https://en.wikipedia.org//wiki/Casey_Sherriff,1998-04-22
Jackie Parry,https://en.wikipedia.org//w/index.php?title=Jackie_Parry&action=edit&redlink=1,NA
Brenna Tarrant,https://en.wikipedia.org//w/index.php?title=Brenna_Tarrant&action=edit&redlink=1,NA
Harriet Cordner,https://en.wikipedia.org//wiki/Harriet_Cordner,1992-07-22
Maddy Guerin,https://en.wikipedia.org//wiki/Maddy_Guerin,1999-10-25
Shae Sloane,https://en.wikipedia.org//wiki/Shae_Sloane,1992-05-01
Tyla Hanks,https://en.wikipedia.org//wiki/Tyla_Hanks,2000-02-15
Eden Zanker,https://en.wikipedia.org//wiki/Eden_Zanker,1999-11-11
Shelley Heath,https://en.wikipedia.org//wiki/Shelley_Heath,2000-06-06
Krstel Petrevski,https://en.wikipedia.org//w/index.php?title=Krstel_Petrevski&action=edit&redlink=1,NA
Gabby Colvin,https://en.wikipedia.org//w/index.php?title=Gabby_Colvin&action=edit&redlink=1,NA
Ainslie Kemp,https://en.wikipedia.org//wiki/Ainslie_Kemp,1997-03-18
Chantel Emonson,https://en.wikipedia.org//wiki/Chantel_Emonson,1993-05-08
Niamh McEvoy,"https://en.wikipedia.org//wiki/Niamh_McEvoy_(footballer,_born_1990)",1990-10-02
Sin√©ad Goldrick,https://en.wikipedia.org//wiki/Sin%C3%A9ad_Goldrick,NA
Sophie Abbatangelo,https://en.wikipedia.org//wiki/Sophie_Abbatangelo,1990-06-27
Daria Bannister,https://en.wikipedia.org//wiki/Daria_Bannister,1999-04-20
Taylor Mesiti,https://en.wikipedia.org//wiki/Taylor_Mesiti,1998-03-22
Elisha King,https://en.wikipedia.org//wiki/Elisha_King,1999-06-15
Kate Gillespie-Jones,https://en.wikipedia.org//wiki/Kate_Gillespie-Jones,1991-04-26
Emma Humphries,https://en.wikipedia.org//wiki/Emma_Humphries_(Australian_footballer),1995-07-27
Ashleigh Riddell,https://en.wikipedia.org//wiki/Ashleigh_Riddell,1996-03-07
Emma Kearney,https://en.wikipedia.org//wiki/Emma_Kearney_(sportswoman),1989-09-24
Kaitlyn Ashmore,https://en.wikipedia.org//wiki/Kaitlyn_Ashmore,1991-11-08
Daisy Bateman,https://en.wikipedia.org//wiki/Daisy_Bateman,2000-02-20
Nicole Bresnehan,https://en.wikipedia.org//wiki/Nicole_Bresnehan,1997-03-25
Tahlia Randall,https://en.wikipedia.org//wiki/Tahlia_Randall,1998-05-29
Sarah Wright,https://en.wikipedia.org//wiki/Sarah_Wright_(footballer),1994-05-06
Brittany Gibson,https://en.wikipedia.org//wiki/Brittany_Gibson,1992-04-18
Jasmine Grierson,https://en.wikipedia.org//wiki/Jasmine_Grierson,1998-05-16
Jess Trend,https://en.wikipedia.org//wiki/Jess_Trend,1991-07-01
Ellie Gavalas,https://en.wikipedia.org//w/index.php?title=Ellie_Gavalas&action=edit&redlink=1,NA
Mia King,https://en.wikipedia.org//w/index.php?title=Mia_King&action=edit&redlink=1,NA
Tahni Nestor,https://en.wikipedia.org//wiki/Tahni_Nestor,1991-03-03
Jasmine Garner,https://en.wikipedia.org//wiki/Jasmine_Garner,1994-07-08
Abbey Green,https://en.wikipedia.org//w/index.php?title=Abbey_Green_(footballer)&action=edit&redlink=1,NA
Jess Duffin,https://en.wikipedia.org//wiki/Jess_Duffin,1989-06-27
,https://en.wikipedia.org//wiki/File:Pregnant_(CoreUI_Icons_v1.0.0).svg,NA
Libby Haines,https://en.wikipedia.org//w/index.php?title=Libby_Haines&action=edit&redlink=1,NA
Chloe Haines,https://en.wikipedia.org//wiki/Chloe_Haines,2000-02-29
Danielle Hardiman,https://en.wikipedia.org//wiki/Danielle_Hardiman,1994-12-07
Jenna Bruton,https://en.wikipedia.org//wiki/Jenna_Bruton,1995-11-08
Vivien Saad,https://en.wikipedia.org//w/index.php?title=Vivien_Saad&action=edit&redlink=1,NA
Emma King,https://en.wikipedia.org//wiki/Emma_King_(footballer),1994-06-28
Aileen Gilroy,https://en.wikipedia.org//w/index.php?title=Aileen_Gilroy&action=edit&redlink=1,NA
Mairead Seoighe,https://en.wikipedia.org//w/index.php?title=Mairead_Seoighe&action=edit&redlink=1,NA
Bethany Lynch,https://en.wikipedia.org//wiki/Bethany_Lynch,1997-05-19
Sophie Molan,https://en.wikipedia.org//wiki/Sophie_Molan,2001-03-24
Phoebe Monahan,https://en.wikipedia.org//wiki/Phoebe_Monahan,1993-07-03
Katie Brennan,https://en.wikipedia.org//wiki/Katie_Brennan,1992-10-02
Monique Conti,https://en.wikipedia.org//wiki/Monique_Conti,1999-12-09
Maddy Brancatisano,https://en.wikipedia.org//wiki/Maddy_Brancatisano,2000-09-05
Christina Bernardi,https://en.wikipedia.org//wiki/Christina_Bernardi,1990-06-07
Lauren Tesoriero,https://en.wikipedia.org//wiki/Lauren_Tesoriero,1986-09-10
Courtney Wakefield,https://en.wikipedia.org//wiki/Courtney_Wakefield,1987-03-29
Hannah Burchell,https://en.wikipedia.org//wiki/Hannah_Burchell,1995-02-25
Kodi Jacques,https://en.wikipedia.org//wiki/Kodi_Jacques,2000-09-27
Alice Edmonds,https://en.wikipedia.org//wiki/Alice_Edmonds,1998-05-31
Laura Bailey,https://en.wikipedia.org//wiki/Laura_Bailey_(footballer),1992-08-19
Alana Woodward,https://en.wikipedia.org//wiki/Alana_Woodward,1990-07-13
Sabrina Frederick,https://en.wikipedia.org//wiki/Sabrina_Frederick,1996-11-14
Rebecca Miller,https://en.wikipedia.org//wiki/Rebecca_Miller_(footballer),1995-08-10
Laura McClelland,https://en.wikipedia.org//wiki/Laura_McClelland,2001-03-07
Ella Wood,https://en.wikipedia.org//w/index.php?title=Ella_Wood&action=edit&redlink=1,NA
Sarah Sansonetti,https://en.wikipedia.org//wiki/Sarah_Sansonetti,2001-08-02
Kate Dempsey,https://en.wikipedia.org//w/index.php?title=Kate_Dempsey&action=edit&redlink=1,NA
Holly Whitford,https://en.wikipedia.org//wiki/Holly_Whitford,1999-02-11
Iilish Ross,https://en.wikipedia.org//wiki/Iilish_Ross,1999-06-21
Nekaela Butler,https://en.wikipedia.org//w/index.php?title=Nekaela_Butler&action=edit&redlink=1,NA
Emma Horne,https://en.wikipedia.org//w/index.php?title=Emma_Horne&action=edit&redlink=1,NA
Tayla Stahl,https://en.wikipedia.org//wiki/Tayla_Stahl,1995-01-06
Cleo Saxon-Jones,https://en.wikipedia.org//w/index.php?title=Cleo_Saxon-Jones&action=edit&redlink=1,NA
Ciara Fitzgerald,https://en.wikipedia.org//w/index.php?title=Ciara_Fitzgerald&action=edit&redlink=1,NA
Emily Harley,https://en.wikipedia.org//w/index.php?title=Emily_Harley&action=edit&redlink=1,NA
Akec Makur Chuot,https://en.wikipedia.org//wiki/Akec_Makur_Chuot,1992-09-05
Grace Campbell,https://en.wikipedia.org//wiki/Grace_Campbell_(footballer),1995-12-05
Gabby Seymour,https://en.wikipedia.org//wiki/Gabby_Seymour,1996-10-28
Molly McDonald,https://en.wikipedia.org//w/index.php?title=Molly_McDonald&action=edit&redlink=1,NA
Alison Brown,https://en.wikipedia.org//wiki/Alison_Brown_(footballer),1997-09-21
Emma Mackie,https://en.wikipedia.org//wiki/Emma_Mackie,1984-09-09
Claudia Whitfort,https://en.wikipedia.org//wiki/Claudia_Whitfort,1999-07-31
Darcy Guttridge,https://en.wikipedia.org//wiki/Darcy_Guttridge,1999-10-30
Samantha Johnson,https://en.wikipedia.org//wiki/Samantha_Johnson,1991-06-10
Rhiannon Watt,https://en.wikipedia.org//wiki/Rhiannon_Watt,1987-12-08
Alison Drennan,https://en.wikipedia.org//wiki/Alison_Drennan,1991-01-30
Kate McCarthy,https://en.wikipedia.org//wiki/Kate_McCarthy,1992-10-24
Jessica Sedunary,https://en.wikipedia.org//wiki/Jessica_Sedunary,1990-11-10
Isabella Shannon,https://en.wikipedia.org//w/index.php?title=Isabella_Shannon&action=edit&redlink=1,NA
Kate Shierlaw,https://en.wikipedia.org//wiki/Kate_Shierlaw,1989-02-28
Courteney Munn,https://en.wikipedia.org//wiki/Courteney_Munn,1998-12-10
Hannah Priest,https://en.wikipedia.org//w/index.php?title=Hannah_Priest&action=edit&redlink=1,NA
Nat Exon,https://en.wikipedia.org//wiki/Nat_Exon,1992-12-07
Poppy Kelly,https://en.wikipedia.org//w/index.php?title=Poppy_Kelly&action=edit&redlink=1,NA
Caitlin Greiser,https://en.wikipedia.org//wiki/Caitlin_Greiser,1999-02-17
Tilly Lucas-Rodd,https://en.wikipedia.org//wiki/Tilly_Lucas-Rodd,1996-04-18
Melissa Kuys,https://en.wikipedia.org//wiki/Melissa_Kuys,1987-12-09
Kelly O'Neill,https://en.wikipedia.org//wiki/Kelly_O%27Neill,1991-04-20
Georgia Patrikios,https://en.wikipedia.org//wiki/Georgia_Patrikios,2001-03-30
Tamara Luke,https://en.wikipedia.org//w/index.php?title=Tamara_Luke&action=edit&redlink=1,NA
Olivia Vesely,https://en.wikipedia.org//wiki/Olivia_Vesely,1999-12-06
Clara Fitzpatrick,https://en.wikipedia.org//wiki/Clara_Fitzpatrick,1990-10-01
Rosie Dillon,https://en.wikipedia.org//wiki/Rosie_Dillon,1996-03-19
Selena Karlson,https://en.wikipedia.org//wiki/Selena_Karlson,1998-08-13
Nicola Xenos,https://en.wikipedia.org//w/index.php?title=Nicola_Xenos&action=edit&redlink=1,NA
Nadia Von Bertouch,https://en.wikipedia.org//w/index.php?title=Nadia_Von_Bertouch&action=edit&redlink=1,NA
Tarni White,https://en.wikipedia.org//w/index.php?title=Tarni_White&action=edit&redlink=1,NA
Cat Phillips,https://en.wikipedia.org//wiki/Cat_Phillips,1991-10-13
Mikayla Bowen,https://en.wikipedia.org//wiki/Mikayla_Bowen,2001-04-17
Kellie Gibson,https://en.wikipedia.org//wiki/Kellie_Gibson,1996-06-09
Brianna Green,https://en.wikipedia.org//wiki/Brianna_Green,1996-11-20
Courtney Guard,https://en.wikipedia.org//wiki/Courtney_Guard,1991-09-26
McKenzie Dowrick,https://en.wikipedia.org//wiki/McKenzie_Dowrick,2000-03-07
Emily Bonser,https://en.wikipedia.org//w/index.php?title=Emily_Bonser&action=edit&redlink=1,NA
Beatrice Devlyn,https://en.wikipedia.org//wiki/Beatrice_Devlyn,1998-02-08
Maddy Collier,https://en.wikipedia.org//wiki/Maddy_Collier,1995-09-14
Ashlee Atkins,https://en.wikipedia.org//wiki/Ashlee_Atkins,1993-04-02
Melissa Caulfield,https://en.wikipedia.org//wiki/Melissa_Caulfield,1988-05-29
Danika Pisconeri,https://en.wikipedia.org//w/index.php?title=Danika_Pisconeri&action=edit&redlink=1,NA
Emma Swanson,https://en.wikipedia.org//wiki/Emma_Swanson,1995-02-27
Belinda Smith,https://en.wikipedia.org//wiki/Belinda_Smith,1995-06-01
Ashton Hill,https://en.wikipedia.org//w/index.php?title=Ashton_Hill&action=edit&redlink=1,NA
Dana Hooker,https://en.wikipedia.org//wiki/Dana_Hooker,1991-01-23
Imahra Cameron,https://en.wikipedia.org//w/index.php?title=Imahra_Cameron&action=edit&redlink=1,NA
Kate Bartlett,https://en.wikipedia.org//wiki/Kate_Bartlett,1999-06-11
Tarnee Tester,https://en.wikipedia.org//w/index.php?title=Tarnee_Tester&action=edit&redlink=1,NA
Hayley Bullas,https://en.wikipedia.org//wiki/Hayley_Bullas,1996-09-23
Parris Laurie,https://en.wikipedia.org//wiki/Parris_Laurie,1994-12-09
Talia Radan,https://en.wikipedia.org//wiki/Talia_Radan,1988-05-09
Chantella Perera,https://en.wikipedia.org//w/index.php?title=Chantella_Perera&action=edit&redlink=1,NA
Emily McGuire,https://en.wikipedia.org//wiki/Emily_McGuire,1999-01-12
Katherine Orme,https://en.wikipedia.org//w/index.php?title=Katherine_Orme&action=edit&redlink=1,NA
Cassie Davidson,https://en.wikipedia.org//wiki/Cassie_Davidson,1996-10-06
Sophie McDonald,https://en.wikipedia.org//w/index.php?title=Sophie_McDonald&action=edit&redlink=1,NA
Alicia Janz,https://en.wikipedia.org//wiki/Alicia_Janz,1990-05-25
Rosie Deegan,https://en.wikipedia.org//w/index.php?title=Rosie_Deegan&action=edit&redlink=1,NA
Niamh Kelly,https://en.wikipedia.org//w/index.php?title=Niamh_Kelly&action=edit&redlink=1,NA
Grace Kelly,https://en.wikipedia.org//w/index.php?title=Grace_Kelly_(footballer)&action=edit&redlink=1,NA
Mhicca Carter,https://en.wikipedia.org//w/index.php?title=Mhicca_Carter&action=edit&redlink=1,NA
Brooke Lochland,https://en.wikipedia.org//wiki/Brooke_Lochland,1991-05-03
Ellie Blackburn,https://en.wikipedia.org//wiki/Ellie_Blackburn,1995-03-25
Isabella Grant,https://en.wikipedia.org//w/index.php?title=Isabella_Grant&action=edit&redlink=1,NA
Isabel Huntington,https://en.wikipedia.org//wiki/Isabel_Huntington,1999-02-25
Gabby Newton,https://en.wikipedia.org//w/index.php?title=Gabby_Newton&action=edit&redlink=1,NA
Kirsten McLeod,https://en.wikipedia.org//wiki/Kirsten_McLeod,1994-05-30
Deanna Berry,https://en.wikipedia.org//wiki/Deanna_Berry,1998-05-07
Bonnie Toogood,https://en.wikipedia.org//wiki/Bonnie_Toogood,1997-12-08
Eleanor Brown,https://en.wikipedia.org//wiki/Eleanor_Brown_(footballer),2000-01-20
Nicole Callinan,https://en.wikipedia.org//wiki/Nicole_Callinan,1982-12-26
Lauren Spark,https://en.wikipedia.org//wiki/Lauren_Spark,1985-11-19
Gemma Lagioia,https://en.wikipedia.org//w/index.php?title=Gemma_Lagioia&action=edit&redlink=1,NA
Celine Moody,https://en.wikipedia.org//wiki/Celine_Moody,1997-03-04
Ellyse Gamble,https://en.wikipedia.org//wiki/Ellyse_Gamble,1997-09-16
Aisling McCarthy,https://en.wikipedia.org//wiki/Aisling_McCarthy,1996-02-24
Naomi Ferres,https://en.wikipedia.org//wiki/Naomi_Ferres,1997-10-26
Elisabeth Georgostathis,https://en.wikipedia.org//w/index.php?title=Elisabeth_Georgostathis&action=edit&redlink=1,NA
Britney Gutknecht,https://en.wikipedia.org//w/index.php?title=Britney_Gutknecht&action=edit&redlink=1,NA
Ashleigh Guest,https://en.wikipedia.org//wiki/Ashleigh_Guest,1990-04-10
Hannah Munyard,https://en.wikipedia.org//w/index.php?title=Hannah_Munyard&action=edit&redlink=1,NA
Bailey Hunt,https://en.wikipedia.org//wiki/Bailey_Hunt,1996-02-17
Hannah Scott,https://en.wikipedia.org//wiki/Hannah_Scott_(footballer),1990-03-10
Aisling Utri,https://en.wikipedia.org//wiki/Aisling_Utri,1998-03-21
Kim Rennie,https://en.wikipedia.org//wiki/Kim_Rennie,1994-10-19
Nell Morris-Dalton,https://en.wikipedia.org//w/index.php?title=Nell_Morris-Dalton&action=edit&redlink=1,NA
Danielle Marshall,https://en.wikipedia.org//wiki/Danielle_Marshall,1991-08-15
Kirsty Lamb,https://en.wikipedia.org//wiki/Kirsty_Lamb,1994-06-27
Amelia Van Oosterwijck,https://en.wikipedia.org//w/index.php?title=Amelia_Van_Oosterwijck&action=edit&redlink=1,NA
Angelica Gogos,https://en.wikipedia.org//wiki/Angelica_Gogos,1989-09-03
Katy Herron,https://en.wikipedia.org//w/index.php?title=Katy_Herron&action=edit&redlink=1,NA
